Country,Name,Type,Status,Location,Reference Unit Power [MW],Gross Electrical Capacity [MW],First Grid Connection,
Argentina,ATUCHA-1,PHWR,Operational,LIMA,340,362,1974-03-19,
Argentina,ATUCHA-2,PHWR,Operational,LIMA,693,745,2014-06-27,
Argentina,CAREM25,PWR,Under Construction,LIMA,25,29,,
Argentina,EMBALSE,PHWR,Operational,EMBALSE,608,656,1983-04-25,
Armenia,ARMENIAN-1,PWR,Permanent Shutdown,METSAMOR,376,408,1976-12-22,
Armenia,ARMENIAN-2,PWR,Operational,METSAMOR,416,448,1980-01-05,
Belarus,BELARUSIAN-1,PWR,Operational,Ostrovets,1110,1194,2020-11-03,
Belarus,BELARUSIAN-2,PWR,Operational,Ostrovets,1110,1194,2023-05-13,
Belgium,BR-3,PWR,Permanent Shutdown,MOL,10,12,1962-10-10,
Belgium,DOEL-1,PWR,Permanent Shutdown,DOEL-BEVEREN,445,454,1974-06-28,
Belgium,DOEL-2,PWR,Operational,DOEL-BEVEREN,445,454,1975-08-21,
Belgium,DOEL-3,PWR,Permanent Shutdown,DOEL-BEVEREN,1006,1056,1982-06-23,
Belgium,DOEL-4,PWR,Operational,DOEL-BEVEREN,1026,1090,1985-04-08,
Belgium,TIHANGE-1,PWR,Operational,TIHANGE,962,1009,1975-03-07,
Belgium,TIHANGE-2,PWR,Permanent Shutdown,TIHANGE,1008,1055,1982-10-13,
Belgium,TIHANGE-3,PWR,Operational,TIHANGE,1030,1089,1985-06-15,
Brazil,ANGRA-1,PWR,Operational,ANGRA DOS-REIS,609,640,1982-04-01,
Brazil,ANGRA-2,PWR,Operational,ANGRA DOS-REIS,1275,1350,2000-07-21,
Brazil,ANGRA-3,PWR,Under Construction,ANGRA DOS-REIS,1340,1405,,
Bulgaria,KOZLODUY-1,PWR,Permanent Shutdown,VRATZA,408,440,1974-07-24,
Bulgaria,KOZLODUY-2,PWR,Permanent Shutdown,VRATZA,408,440,1975-08-24,
Bulgaria,KOZLODUY-3,PWR,Permanent Shutdown,VRATZA,408,440,1980-12-17,
Bulgaria,KOZLODUY-4,PWR,Permanent Shutdown,VRATZA,408,440,1982-05-17,
Bulgaria,KOZLODUY-5,PWR,Operational,VRATZA,1003,1040,1987-11-29,
Bulgaria,KOZLODUY-6,PWR,Operational,VRATZA,1003,1040,1991-08-02,
Canada,BRUCE-1,PHWR,Operational,TIVERTON,816,868,1977-01-14,
Canada,BRUCE-2,PHWR,Operational,TIVERTON,817,836,1976-09-04,
Canada,BRUCE-3,PHWR,Operational,TIVERTON,770,865,1977-12-12,
Canada,BRUCE-4,PHWR,Operational,TIVERTON,807,868,1978-12-21,
Canada,BRUCE-5,PHWR,Operational,TIVERTON,817,872,1984-12-01,
Canada,BRUCE-6,PHWR,Operational,TIVERTON,817,891,1984-06-26,
Canada,BRUCE-7,PHWR,Operational,TIVERTON,817,872,1986-02-22,
Canada,BRUCE-8,PHWR,Operational,TIVERTON,817,872,1987-03-07,
Canada,DARLINGTON-1,PHWR,Operational,TOWN OF NEWCASTLE,878,934,1990-12-19,
Canada,DARLINGTON-2,PHWR,Operational,TOWN OF NEWCASTLE,878,934,1990-01-15,
Canada,DARLINGTON-3,PHWR,Operational,TOWN OF NEWCASTLE,878,934,1992-12-07,
Canada,DARLINGTON-4,PHWR,Operational,TOWN OF NEWCASTLE,878,934,1993-04-17,
Canada,DOUGLAS POINT,PHWR,Permanent Shutdown,TIVERTON,206,218,1967-01-07,
Canada,GENTILLY-1,HWLWR,Permanent Shutdown,BECANCOUR,250,266,1971-04-05,
Canada,GENTILLY-2,PHWR,Permanent Shutdown,BECANCOUR,635,675,1982-12-04,
Canada,PICKERING-1,PHWR,Permanent Shutdown,PICKERING,515,542,1971-04-04,
Canada,PICKERING-2,PHWR,Permanent Shutdown,PICKERING,515,542,1971-10-06,
Canada,PICKERING-3,PHWR,Permanent Shutdown,PICKERING,515,542,1972-05-03,
Canada,PICKERING-4,PHWR,Permanent Shutdown,PICKERING,515,542,1973-05-21,
Canada,PICKERING-5,PHWR,Operational,PICKERING,516,540,1982-12-19,
Canada,PICKERING-6,PHWR,Operational,PICKERING,516,540,1983-11-08,
Canada,PICKERING-7,PHWR,Operational,PICKERING,516,540,1984-11-17,
Canada,PICKERING-8,PHWR,Operational,PICKERING,516,540,1986-01-21,
Canada,POINT LEPREAU,PHWR,Operational,SAINT JOHN,660,705,1982-09-11,
Canada,ROLPHTON NPD,PHWR,Permanent Shutdown,ROLPHTON,22,25,1962-06-04,
China,CHANGJIANG-1,PWR,Operational,Changjiang,601,650,2015-11-07,
China,CHANGJIANG-2,PWR,Operational,Changjiang,601,650,2016-06-20,
China,CHANGJIANG-3,PWR,Under Construction,Changjiang,1000,1198,,
China,CHANGJIANG-4,PWR,Under Construction,Changjiang,1000,1198,,
China,DAYA BAY-1,PWR,Operational,SHENZHEN CITY,944,984,1993-08-31,
China,DAYA BAY-2,PWR,Operational,SHENZHEN CITY,966,1026,1994-02-07,
China,FANGCHENGGANG-1,PWR,Operational,Fangchenggang,1000,1086,2015-10-25,
China,FANGCHENGGANG-2,PWR,Operational,Fangchenggang,1000,1086,2016-07-15,
China,FANGCHENGGANG-3,PWR,Operational,Fangchenggang,1000,1180,2023-01-10,
China,FANGCHENGGANG-4,PWR,Operational,Fangchenggang,1000,1180,2024-04-09,
China,FANGJIASHAN-1,PWR,Operational,Jiaxing,1012,1089,2014-11-04,
China,FANGJIASHAN-2,PWR,Operational,Jiaxing,1012,1089,2015-01-12,
China,FUQING-1,PWR,Operational,Fuqing,1000,1089,2014-08-20,
China,FUQING-2,PWR,Operational,Fuqing,1000,1089,2015-08-06,
China,FUQING-3,PWR,Operational,Fuqing,1000,1089,2016-09-07,
China,FUQING-4,PWR,Operational,Fuqing,1000,1089,2017-07-29,
China,FUQING-5,PWR,Operational,Fuqing,1075,1161,2020-11-27,
China,FUQING-6,PWR,Operational,Fuqing,1075,1150,2022-01-01,
China,HAIYANG-1,PWR,Operational,Haiyang,1170,1250,2018-08-17,
China,HAIYANG-2,PWR,Operational,Haiyang,1170,1250,2018-10-13,
China,HAIYANG-3,PWR,Under Construction,Haiyang,1161,1253,,
China,HAIYANG-4,PWR,Under Construction,Haiyang,1161,1253,,
China,HONGYANHE-1,PWR,Operational,DALIAN,1061,1119,2013-02-17,
China,HONGYANHE-2,PWR,Operational,DALIAN,1061,1119,2013-11-23,
China,HONGYANHE-3,PWR,Operational,DALIAN,1061,1119,2015-03-23,
China,HONGYANHE-4,PWR,Operational,DALIAN,1061,1119,2016-04-01,
China,HONGYANHE-5,PWR,Operational,DALIAN,1061,1119,2021-06-25,
China,HONGYANHE-6,PWR,Operational,DALIAN,1061,1119,2022-05-02,
China,LIANJIANG-1,PWR,Under Construction,Lianjiang,1224,1224,,
China,LIANJIANG-2,PWR,Under Construction,Lianjiang,1224,1224,,
China,LING AO AO-1,PWR,Operational,SHENZEN,950,990,2002-02-26,
China,LING AO AO-2,PWR,Operational,SHENZEN,950,990,2002-09-14,
China,LING AO-3,PWR,Operational,SHENZEN,1007,1086,2010-07-15,
China,LING AO-4,PWR,Operational,SHENZEN,1007,1086,2011-05-03,
China,LINGLONG-1,PWR,Under Construction,Changjiang,100,125,,
China,LUFENG-5,PWR,Under Construction,Lufeng,1116,1200,,
China,LUFENG-6,PWR,Under Construction,Lufeng,1116,1200,,
China,NINGDE-1,PWR,Operational,Ningde,1018,1089,2012-12-28,
China,NINGDE-2,PWR,Operational,Ningde,1018,1089,2014-01-04,
China,NINGDE-3,PWR,Operational,Ningde,1018,1089,2015-03-21,
China,NINGDE-4,PWR,Operational,Ningde,1018,1089,2016-03-29,
China,NINGDE-5,PWR,Under Construction,Ningde,1200,1200,,
China,QINSHAN 2-1,PWR,Operational,Jiaxing,623,650,2002-02-06,
China,QINSHAN 2-2,PWR,Operational,Jiaxing,623,650,2004-03-11,
China,QINSHAN 2-3,PWR,Operational,Jiaxing,623,660,2010-08-01,
China,QINSHAN 2-4,PWR,Operational,Jiaxing,623,660,2011-11-25,
China,QINSHAN 3-1,PHWR,Operational,Jiaxing,677,728,2002-11-19,
China,QINSHAN 3-2,PHWR,Operational,Jiaxing,677,728,2003-06-12,
China,QINSHAN-1,PWR,Operational,Jiaxing,326,330,1991-12-15,
China,SANAO-1,PWR,Under Construction,Wenzhou,1117,1210,,
China,SANAO-2,PWR,Under Construction,Wenzhou,1117,1210,,
China,SANMEN-1,PWR,Operational,Taizhou,1157,1251,2018-06-30,
China,SANMEN-2,PWR,Operational,Taizhou,1157,1251,2018-08-24,
China,SANMEN-3,PWR,Under Construction,Taizhou,1163,1251,,
China,SANMEN-4,PWR,Under Construction,Taizhou,1163,1251,,
China,SHIDAO BAY-1,HTGR,Operational,Weihai,150,211,2021-12-14,
China,SHIDAOWAN-1,PWR,Under Construction,Weihai,1134,1225,,
China,TAIPINGLING-1,PWR,Under Construction,HUIZHOU,1116,1202,,
China,TAIPINGLING-2,PWR,Under Construction,HUIZHOU,1116,1202,,
China,TAIPINGLING-3,PWR,Under Construction,HUIZHOU,1209,1209,,
China,TAISHAN-1,PWR,Operational,Taishan,1660,1750,2018-06-29,
China,TAISHAN-2,PWR,Operational,Taishan,1660,1750,2019-06-23,
China,TIANWAN-1,PWR,Operational,Lianyungang,1000,1060,2006-05-12,
China,TIANWAN-2,PWR,Operational,Lianyungang,1000,1060,2007-05-14,
China,TIANWAN-3,PWR,Operational,Lianyungang,1060,1126,2017-12-30,
China,TIANWAN-4,PWR,Operational,Lianyungang,1060,1126,2018-10-27,
China,TIANWAN-5,PWR,Operational,Lianyungang,1060,1118,2020-08-08,
China,TIANWAN-6,PWR,Operational,Lianyungang,1060,1118,2021-05-11,
China,TIANWAN-7,PWR,Under Construction,Lianyungang,1171,1265,,
China,TIANWAN-8,PWR,Under Construction,Lianyungang,1171,1265,,
China,XIAPU-1,FBR,Under Construction,Xiapu,642,682,,
China,XIAPU-2,FBR,Under Construction,Xiapu,642,682,,
China,XUDAPU-1,PWR,Under Construction,Xingcheng,1000,1290,,
China,XUDAPU-2,PWR,Under Construction,Xingcheng,1000,1290,,
China,XUDAPU-3,PWR,Under Construction,Xingcheng,1200,1274,,
China,XUDAPU-4,PWR,Under Construction,Xingcheng,1200,1274,,
China,YANGJIANG-1,PWR,Operational,Yangjiang,1000,1086,2013-12-31,
China,YANGJIANG-2,PWR,Operational,Yangjiang,1000,1086,2015-03-10,
China,YANGJIANG-3,PWR,Operational,Yangjiang,1000,1086,2015-10-18,
China,YANGJIANG-4,PWR,Operational,Yangjiang,1000,1086,2017-01-08,
China,YANGJIANG-5,PWR,Operational,Yangjiang,1000,1086,2018-05-23,
China,YANGJIANG-6,PWR,Operational,Yangjiang,1000,1086,2019-06-29,
China,ZHANGZHOU-1,PWR,Operational,ZHANGZHOU,1126,1212,2024-11-28,
China,ZHANGZHOU-2,PWR,Under Construction,ZHANGZHOU,1126,1212,,
China,ZHANGZHOU-3,PWR,Under Construction,ZHANGZHOU,1129,1214,,
China,ZHANGZHOU-4,PWR,Under Construction,ZHANGZHOU,1129,1214,,
Czech Republic,DUKOVANY-1,PWR,Operational,DUKOVANY,479,500,1985-02-24,
Czech Republic,DUKOVANY-2,PWR,Operational,DUKOVANY,482,500,1986-01-30,
Czech Republic,DUKOVANY-3,PWR,Operational,DUKOVANY,475,500,1986-11-14,
Czech Republic,DUKOVANY-4,PWR,Operational,DUKOVANY,471,500,1987-06-11,
Czech Republic,TEMELIN-1,PWR,Operational,TEMELIN,1027,1082,2000-12-21,
Czech Republic,TEMELIN-2,PWR,Operational,TEMELIN,1029,1082,2002-12-29,
Egypt,EL DABAA-1,PWR,Under Construction,WEST ALEXANDRIA,1100,1200,,
Egypt,EL DABAA-2,PWR,Under Construction,WEST ALEXANDRIA,1100,1200,,
Egypt,EL DABAA-3,PWR,Under Construction,WEST ALEXANDRIA,1100,1200,,
Egypt,EL DABAA-4,PWR,Under Construction,WEST ALEXANDRIA,1100,1200,,
France,BELLEVILLE-1,PWR,Operational,LERE,1310,1363,1987-10-14,
France,BELLEVILLE-2,PWR,Operational,LERE,1310,1363,1988-07-06,
France,BLAYAIS-1,PWR,Operational,BRAUD ST.LOUIS,910,951,1981-06-12,
France,BLAYAIS-2,PWR,Operational,BRAUD ST.LOUIS,910,951,1982-07-17,
France,BLAYAIS-3,PWR,Operational,BRAUD ST.LOUIS,910,951,1983-08-17,
France,BLAYAIS-4,PWR,Operational,BRAUD ST.LOUIS,910,951,1983-05-16,
France,BUGEY-1,GCR,Permanent Shutdown,ST.VULBAS,540,555,1972-04-15,
France,BUGEY-2,PWR,Operational,ST.VULBAS,910,945,1978-05-10,
France,BUGEY-3,PWR,Operational,ST.VULBAS,910,945,1978-09-21,
France,BUGEY-4,PWR,Operational,ST.VULBAS,880,917,1979-03-06,
France,BUGEY-5,PWR,Operational,ST.VULBAS,880,917,1979-07-31,
France,CATTENOM-1,PWR,Operational,CATTENOM,1300,1362,1986-11-13,
France,CATTENOM-2,PWR,Operational,CATTENOM,1300,1362,1987-09-17,
France,CATTENOM-3,PWR,Operational,CATTENOM,1300,1362,1990-07-06,
France,CATTENOM-4,PWR,Operational,CATTENOM,1300,1362,1991-05-27,
France,CHINON A-1,GCR,Permanent Shutdown,AVOINE,70,80,1963-06-14,
France,CHINON A-2,GCR,Permanent Shutdown,AVOINE,180,230,1965-02-24,
France,CHINON A-3,GCR,Permanent Shutdown,AVOINE,360,480,1966-08-04,
France,CHINON B-1,PWR,Operational,AVOINE,905,954,1982-11-30,
France,CHINON B-2,PWR,Operational,AVOINE,905,954,1983-11-29,
France,CHINON B-3,PWR,Operational,AVOINE,905,954,1986-10-20,
France,CHINON B-4,PWR,Operational,AVOINE,905,954,1987-11-14,
France,CHOOZ B-1,PWR,Operational,CHOOZ,1500,1560,1996-08-30,
France,CHOOZ B-2,PWR,Operational,CHOOZ,1500,1560,1997-04-10,
France,CHOOZ-A (ARDENNES),PWR,Permanent Shutdown,CHOOZ,305,320,1967-04-03,
France,CIVAUX-1,PWR,Operational,CIVAUX,1495,1561,1997-12-24,
France,CIVAUX-2,PWR,Operational,CIVAUX,1495,1561,1999-12-24,
France,CRUAS-1,PWR,Operational,CRUAS,915,956,1983-04-29,
France,CRUAS-2,PWR,Operational,CRUAS,915,956,1984-09-06,
France,CRUAS-3,PWR,Operational,CRUAS,915,956,1984-05-14,
France,CRUAS-4,PWR,Operational,CRUAS,915,956,1984-10-27,
France,DAMPIERRE-1,PWR,Operational,DAMPIERRE-EN-BURLY,890,937,1980-03-23,
France,DAMPIERRE-2,PWR,Operational,DAMPIERRE-EN-BURLY,890,937,1980-12-30,
France,DAMPIERRE-3,PWR,Operational,DAMPIERRE-EN-BURLY,890,937,1981-01-10,
France,DAMPIERRE-4,PWR,Operational,DAMPIERRE-EN-BURLY,890,937,1981-08-18,
France,EL-4 (MONTS D'ARREE),HWGCR,Permanent Shutdown,BRENNILIS,70,75,1967-07-09,
France,FESSENHEIM-1,PWR,Permanent Shutdown,FESSENHEIM,880,920,1977-04-06,
France,FESSENHEIM-2,PWR,Permanent Shutdown,FESSENHEIM,880,920,1977-10-07,
France,FLAMANVILLE-1,PWR,Operational,FLAMANVILLE,1330,1382,1985-12-04,
France,FLAMANVILLE-2,PWR,Operational,FLAMANVILLE,1330,1382,1986-07-18,
France,FLAMANVILLE-3,PWR,Operational,FLAMANVILLE,1630,1650,2024-12-21,
France,G-2 (MARCOULE),GCR,Permanent Shutdown,MARCOULE,39,43,1959-04-22,
France,G-3 (MARCOULE),GCR,Permanent Shutdown,MARCOULE,40,43,1960-04-04,
France,GOLFECH-1,PWR,Operational,GOLFECH,1310,1363,1990-06-07,
France,GOLFECH-2,PWR,Operational,GOLFECH,1310,1363,1993-06-18,
France,GRAVELINES-1,PWR,Operational,GRAVELINES,910,951,1980-03-13,
France,GRAVELINES-2,PWR,Operational,GRAVELINES,910,951,1980-08-26,
France,GRAVELINES-3,PWR,Operational,GRAVELINES,910,951,1980-12-12,
France,GRAVELINES-4,PWR,Operational,GRAVELINES,910,951,1981-06-14,
France,GRAVELINES-5,PWR,Operational,GRAVELINES,910,951,1984-08-28,
France,GRAVELINES-6,PWR,Operational,GRAVELINES,910,951,1985-08-01,
France,NOGENT-1,PWR,Operational,NOGENT-SUR-SEINE,1310,1363,1987-10-21,
France,NOGENT-2,PWR,Operational,NOGENT-SUR-SEINE,1310,1363,1988-12-14,
France,PALUEL-1,PWR,Operational,PALUEL,1330,1382,1984-06-22,
France,PALUEL-2,PWR,Operational,PALUEL,1330,1382,1984-09-14,
France,PALUEL-3,PWR,Operational,PALUEL,1330,1382,1985-09-30,
France,PALUEL-4,PWR,Operational,PALUEL,1330,1382,1986-04-11,
France,PENLY-1,PWR,Operational,PENLY,1330,1382,1990-05-04,
France,PENLY-2,PWR,Operational,PENLY,1330,1382,1992-02-04,
France,PHENIX,FBR,Permanent Shutdown,MARCOULE,130,142,1973-12-13,
France,ST. ALBAN-1,PWR,Operational,SAINT-MAURICE-L'EXIL,1335,1381,1985-08-30,
France,ST. ALBAN-2,PWR,Operational,SAINT-MAURICE-L'EXIL,1335,1381,1986-07-03,
France,ST. LAURENT A-1,GCR,Permanent Shutdown,ST. LAURENT DES EAUX,390,500,1969-03-14,
France,ST. LAURENT A-2,GCR,Permanent Shutdown,ST. LAURENT DES EAUX,465,530,1971-08-09,
France,ST. LAURENT B-1,PWR,Operational,ST. LAURENT DES EAUX,915,956,1981-01-21,
France,ST. LAURENT B-2,PWR,Operational,ST. LAURENT DES EAUX,915,956,1981-06-01,
France,SUPER-PHENIX,FBR,Permanent Shutdown,CREYS-MALVILLE,1200,1242,1986-01-14,
France,TRICASTIN-1,PWR,Operational,PIERRELATTE,915,955,1980-05-31,
France,TRICASTIN-2,PWR,Operational,PIERRELATTE,915,955,1980-08-26,
France,TRICASTIN-3,PWR,Operational,PIERRELATTE,915,955,1981-02-10,
France,TRICASTIN-4,PWR,Operational,PIERRELATTE,915,955,1981-06-12,
Germany,AVR,HTGR,Permanent Shutdown,JUELICH,13,15,1967-12-17,
Germany,BIBLIS-A,PWR,Permanent Shutdown,BIBLIS,1167,1225,1974-08-25,
Germany,BIBLIS-B,PWR,Permanent Shutdown,BIBLIS,1240,1300,1976-04-25,
Germany,BROKDORF,PWR,Permanent Shutdown,OSTERENDE,1410,1480,1986-10-14,
Germany,BRUNSBUETTEL,BWR,Permanent Shutdown,BRUNSBUETTEL,771,806,1976-07-13,
Germany,EMSLAND,PWR,Permanent Shutdown,LINGEN (EMS),1335,1406,1988-04-19,
Germany,GRAFENRHEINFELD,PWR,Permanent Shutdown,SCHWEINFURT,1275,1345,1981-12-30,
Germany,GREIFSWALD-1,PWR,Permanent Shutdown,GREIFSWALD,408,440,1973-12-17,
Germany,GREIFSWALD-2,PWR,Permanent Shutdown,GREIFSWALD,408,440,1974-12-23,
Germany,GREIFSWALD-3,PWR,Permanent Shutdown,GREIFSWALD,408,440,1977-10-24,
Germany,GREIFSWALD-4,PWR,Permanent Shutdown,GREIFSWALD,408,440,1979-09-03,
Germany,GREIFSWALD-5,PWR,Permanent Shutdown,GREIFSWALD,408,440,1989-04-24,
Germany,GROHNDE,PWR,Permanent Shutdown,GROHNDE,1360,1430,1984-09-05,
Germany,GUNDREMMINGEN-A,BWR,Permanent Shutdown,GUNDREMMINGEN,237,250,1966-12-01,
Germany,GUNDREMMINGEN-B,BWR,Permanent Shutdown,GUNDREMMINGEN,1284,1344,1984-03-16,
Germany,GUNDREMMINGEN-C,BWR,Permanent Shutdown,GUNDREMMINGEN,1288,1344,1984-11-02,
Germany,HDR GROSSWELZHEIM,BWR,Decommissioning Completed,KARLSTEIN,25,27,1970-07-12,
Germany,ISAR-1,BWR,Permanent Shutdown,ESSENBACH,878,912,1977-12-03,
Germany,ISAR-2,PWR,Permanent Shutdown,ESSENBACH,1410,1485,1988-01-22,
Germany,KNK II,FBR,Permanent Shutdown,EGGENSTEIN,17,21,1978-04-09,
Germany,KRUEMMEL,BWR,Permanent Shutdown,GEESTHACHT,1346,1402,1983-09-28,
Germany,LINGEN,BWR,Permanent Shutdown,LINGEN,183,268,1968-07-01,
Germany,MUELHEIM-KAERLICH,PWR,Permanent Shutdown,MULHEIM-KAERLICH,1219,1302,1986-03-14,
Germany,MZFR,PHWR,Permanent Shutdown,KARLSRUHE,52,57,1966-03-09,
Germany,NECKARWESTHEIM-1,PWR,Permanent Shutdown,NECKARWESTHEIM,785,840,1976-06-03,
Germany,NECKARWESTHEIM-2,PWR,Permanent Shutdown,NECKARWESTHEIM,1310,1400,1989-01-03,
Germany,NIEDERAICHBACH,HWGCR,Decommissioning Completed,KARLSTEIN,100,106,1973-10-10,
Germany,OBRIGHEIM,PWR,Permanent Shutdown,OBRIGHEIM,340,357,1968-10-29,
Germany,PHILIPPSBURG-1,BWR,Permanent Shutdown,PHILIPPSBURG,890,926,1979-05-05,
Germany,PHILIPPSBURG-2,PWR,Permanent Shutdown,PHILIPPSBURG,1402,1468,1984-12-17,
Germany,RHEINSBERG,PWR,Permanent Shutdown,GRANSEE,62,70,1966-05-06,
Germany,STADE,PWR,Permanent Shutdown,STADE,640,672,1972-01-29,
Germany,THTR-300,HTGR,Permanent Shutdown,HAMM-UENTROP,296,308,1985-11-16,
Germany,UNTERWESER,PWR,Permanent Shutdown,STADLAND,1345,1410,1978-09-29,
Germany,VAK KAHL,BWR,Decommissioning Completed,KAHL,15,16,1961-06-17,
Germany,WUERGASSEN,BWR,Permanent Shutdown,WUERGASSEN,640,670,1971-12-18,
India,KAIGA-1,PHWR,Operational,KAIGA,202,220,2000-10-12,
India,KAIGA-2,PHWR,Operational,KAIGA,202,220,1999-12-02,
India,KAIGA-3,PHWR,Operational,KAIGA,202,220,2007-04-11,
India,KAIGA-4,PHWR,Operational,KAIGA,202,220,2011-01-19,
India,KAKRAPAR-1,PHWR,Operational,SURAT,202,220,1992-11-24,
India,KAKRAPAR-2,PHWR,Operational,SURAT,202,220,1995-03-04,
India,KAKRAPAR-3,PHWR,Operational,SURAT,630,700,2021-01-10,
India,KAKRAPAR-4,PHWR,Operational,SURAT,630,700,2024-02-20,
India,KUDANKULAM-1,PWR,Operational,Tirunelveli-Kattabomman,932,1000,2013-10-22,
India,KUDANKULAM-2,PWR,Operational,Tirunelveli-Kattabomman,932,1000,2016-08-29,
India,KUDANKULAM-3,PWR,Under Construction,Tirunelveli-Kattabomman,917,1000,,
India,KUDANKULAM-4,PWR,Under Construction,Tirunelveli-Kattabomman,917,1000,,
India,KUDANKULAM-5,PWR,Under Construction,Tirunelveli-Kattabomman,917,1000,,
India,KUDANKULAM-6,PWR,Under Construction,Tirunelveli-Kattabomman,917,1000,,
India,MADRAS-1,PHWR,Suspended Operation,MADRAS,205,220,1983-07-23,
India,MADRAS-2,PHWR,Operational,MADRAS,205,220,1985-09-20,
India,NARORA-1,PHWR,Operational,NARORA,202,220,1989-07-29,
India,NARORA-2,PHWR,Operational,NARORA,202,220,1992-01-05,
India,PFBR,FBR,Under Construction,MADRAS,470,500,,
India,RAJASTHAN-1,PHWR,Suspended Operation,KOTA,134,100,1972-11-30,
India,RAJASTHAN-2,PHWR,Operational,KOTA,187,200,1980-11-01,
India,RAJASTHAN-3,PHWR,Operational,KOTA,202,220,2000-03-10,
India,RAJASTHAN-4,PHWR,Operational,KOTA,202,220,2000-11-17,
India,RAJASTHAN-5,PHWR,Operational,KOTA,202,220,2009-12-22,
India,RAJASTHAN-6,PHWR,Operational,KOTA,202,220,2010-03-28,
India,RAJASTHAN-7,PHWR,Operational,KOTA,630,700,2025-03-17,
India,RAJASTHAN-8,PHWR,Under Construction,KOTA,630,700,,
India,TARAPUR-1,BWR,Suspended Operation,BOISAR,150,160,1969-04-01,
India,TARAPUR-2,BWR,Suspended Operation,BOISAR,150,160,1969-05-05,
India,TARAPUR-3,PHWR,Operational,BOISAR,490,540,2006-06-15,
India,TARAPUR-4,PHWR,Operational,BOISAR,490,540,2005-05-04,
Iran,BUSHEHR-1,PWR,Operational,HALILEH,915,1000,2011-09-03,
Iran,BUSHEHR-2,PWR,Under Construction,HALILEH,974,1057,,
Italy,CAORSO,BWR,Permanent Shutdown,CAORSO,860,882,1978-05-23,
Italy,ENRICO FERMI,PWR,Permanent Shutdown,TRINO VERCELLESE,260,270,1964-10-22,
Italy,GARIGLIANO,BWR,Permanent Shutdown,SESSA AURUNCA,150,160,1964-01-01,
Italy,LATINA,GCR,Permanent Shutdown,BORGO SABOTINO,153,160,1963-05-12,
Japan,FUGEN ATR,HWLWR,Permanent Shutdown,TSURUGA,148,165,1978-07-29,
Japan,FUKUSHIMA-DAIICHI-1,BWR,Permanent Shutdown,OHKUMA-MACHI,439,460,1970-11-17,
Japan,FUKUSHIMA-DAIICHI-2,BWR,Permanent Shutdown,OHKUMA-MACHI,760,784,1973-12-24,
Japan,FUKUSHIMA-DAIICHI-3,BWR,Permanent Shutdown,OHKUMA-MACHI,760,784,1974-10-26,
Japan,FUKUSHIMA-DAIICHI-4,BWR,Permanent Shutdown,OHKUMA-MACHI,760,784,1978-02-24,
Japan,FUKUSHIMA-DAIICHI-5,BWR,Permanent Shutdown,OHKUMA-MACHI,760,784,1977-09-22,
Japan,FUKUSHIMA-DAIICHI-6,BWR,Permanent Shutdown,OHKUMA-MACHI,1067,1100,1979-05-04,
Japan,FUKUSHIMA-DAINI-1,BWR,Permanent Shutdown,NARAHA-MACHI,1067,1100,1981-07-31,
Japan,FUKUSHIMA-DAINI-2,BWR,Permanent Shutdown,NARAHA-MACHI,1067,1100,1983-06-23,
Japan,FUKUSHIMA-DAINI-3,BWR,Permanent Shutdown,NARAHA-MACHI,1067,1100,1984-12-14,
Japan,FUKUSHIMA-DAINI-4,BWR,Permanent Shutdown,NARAHA-MACHI,1067,1100,1985-12-17,
Japan,GENKAI-1,PWR,Permanent Shutdown,GENKAI-CHO,529,559,1975-02-14,
Japan,GENKAI-2,PWR,Permanent Shutdown,GENKAI-CHO,529,559,1980-03-03,
Japan,GENKAI-3,PWR,Operational,GENKAI-CHO,1127,1180,1993-06-15,
Japan,GENKAI-4,PWR,Operational,GENKAI-CHO,1127,1180,1996-11-12,
Japan,HAMAOKA-1,BWR,Permanent Shutdown,OMAEZAKI-SHI,515,540,1974-08-13,
Japan,HAMAOKA-2,BWR,Permanent Shutdown,OMAEZAKI-SHI,806,840,1978-05-04,
Japan,HAMAOKA-3,BWR,Suspended Operation,OMAEZAKI-SHI,1056,1100,1987-01-20,
Japan,HAMAOKA-4,BWR,Suspended Operation,OMAEZAKI-SHI,1092,1137,1993-01-27,
Japan,HAMAOKA-5,BWR,Suspended Operation,OMAEZAKI-SHI,1325,1380,2004-04-30,
Japan,HIGASHI DORI-1 (TOHOKU),BWR,Suspended Operation,Higashidori-mura,1067,1100,2005-03-09,
Japan,IKATA-1,PWR,Permanent Shutdown,IKATA-CHO,538,566,1977-02-17,
Japan,IKATA-2,PWR,Permanent Shutdown,IKATA-CHO,538,566,1981-08-19,
Japan,IKATA-3,PWR,Operational,IKATA-CHO,846,890,1994-03-29,
Japan,JPDR,BWR,Permanent Shutdown,TOKAI-MURA,12,13,1963-10-26,
Japan,KASHIWAZAKI KARIWA-1,BWR,Suspended Operation,KASHIWAZAKI-SHI,1067,1100,1985-02-13,
Japan,KASHIWAZAKI KARIWA-2,BWR,Suspended Operation,KASHIWAZAKI-SHI,1067,1100,1990-02-08,
Japan,KASHIWAZAKI KARIWA-3,BWR,Suspended Operation,KASHIWAZAKI-SHI,1067,1100,1992-12-08,
Japan,KASHIWAZAKI KARIWA-4,BWR,Suspended Operation,KASHIWAZAKI-SHI,1067,1100,1993-12-21,
Japan,KASHIWAZAKI KARIWA-5,BWR,Suspended Operation,KASHIWAZAKI-SHI,1067,1100,1989-09-12,
Japan,KASHIWAZAKI KARIWA-6,BWR,Suspended Operation,KASHIWAZAKI-SHI,1315,1356,1996-01-29,
Japan,KASHIWAZAKI KARIWA-7,BWR,Suspended Operation,KASHIWAZAKI-SHI,1315,1356,1996-12-17,
Japan,MIHAMA-1,PWR,Permanent Shutdown,MIHAMA,320,340,1970-08-08,
Japan,MIHAMA-2,PWR,Permanent Shutdown,MIHAMA,470,500,1972-04-21,
Japan,MIHAMA-3,PWR,Operational,MIHAMA,780,826,1976-02-19,
Japan,MONJU,FBR,Permanent Shutdown,TSURUGA,246,280,1995-08-29,
Japan,OHI-1,PWR,Permanent Shutdown,OHI,1120,1175,1977-12-23,
Japan,OHI-2,PWR,Permanent Shutdown,OHI,1120,1175,1978-10-11,
Japan,OHI-3,PWR,Operational,OHI,1127,1180,1991-06-07,
Japan,OHI-4,PWR,Operational,OHI,1127,1180,1992-06-19,
Japan,OHMA,BWR,Under Construction,OHMA,1328,1383,,
Japan,ONAGAWA-1,BWR,Permanent Shutdown,ONAGAWA, ISHINOMAKI,498,524,1983-11-18
Japan,ONAGAWA-2,BWR,Operational,ONAGAWA, ISHINOMAKI,796,825,1994-12-23
Japan,ONAGAWA-3,BWR,Suspended Operation,ONAGAWA, ISHINOMAKI,796,825,2001-05-30
Japan,SENDAI-1,PWR,Operational,SATSUMASENDAI,846,890,1983-09-16,
Japan,SENDAI-2,PWR,Operational,SATSUMASENDAI,846,890,1985-04-05,
Japan,SHIKA-1,BWR,Permanent Shutdown,SHIKA-MACHI,505,540,1993-01-12,
Japan,SHIKA-2,BWR,Suspended Operation,SHIKA-MACHI,1108,1206,2005-03-04,
Japan,SHIMANE-1,BWR,Permanent Shutdown,MATSUE,439,460,1973-12-02,
Japan,SHIMANE-2,BWR,Operational,MATSUE,789,820,1988-07-11,
Japan,SHIMANE-3,PWR,Under Construction,MATSUE,1325,1373,,
Japan,TAKAHAMA-1,PWR,Operational,TAKAHAMA,780,826,1974-03-27,
Japan,TAKAHAMA-2,PWR,Operational,TAKAHAMA,780,826,1975-01-17,
Japan,TAKAHAMA-3,PWR,Operational,TAKAHAMA,830,870,1984-05-09,
Japan,TAKAHAMA-4,PWR,Operational,TAKAHAMA,830,870,1985-11-01,
Japan,TOKAI-1,GCR,Permanent Shutdown,TOKAI MURA,137,166,1966-11-10,
Japan,TOKAI-2,BWR,Suspended Operation,TOKAI MURA,1060,1100,1978-03-13,
Japan,TOMARI-1,PWR,Suspended Operation,TOMARI VILLAGE,550,579,1989-06-22,
Japan,TOMARI-2,PWR,Suspended Operation,TOMARI VILLAGE,550,579,1990-08-27,
Japan,TOMARI-3,PWR,Suspended Operation,TOMARI VILLAGE,866,912,2009-03-20,
Japan,TSURUGA-1,BWR,Permanent Shutdown,TSURUGA CITY,340,357,1969-11-16,
Japan,TSURUGA-2,PWR,Suspended Operation,TSURUGA CITY,1108,1160,1986-06-19,
Kazakhstan,AKTAU,FBR,Permanent Shutdown,MANGYSTAU,52,90,1973-07-16,
Korea,HANBIT-1,PWR,Operational,Yeonggwang-gun,965,1025,1986-03-05,
Korea,HANBIT-2,PWR,Operational,Yeonggwang-gun,952,1024,1986-11-11,
Korea,HANBIT-3,PWR,Operational,Yeonggwang-gun,983,1041,1994-10-30,
Korea,HANBIT-4,PWR,Operational,Yeonggwang-gun,961,1041,1995-07-18,
Korea,HANBIT-5,PWR,Operational,Yeonggwang-gun,974,1051,2001-12-19,
Korea,HANBIT-6,PWR,Operational,Yeonggwang-gun,978,1053,2002-09-16,
Korea,HANUL-1,PWR,Operational,Ulchin-gun,953,1014,1988-04-07,
Korea,HANUL-2,PWR,Operational,Ulchin-gun,957,1011,1989-04-14,
Korea,HANUL-3,PWR,Operational,Ulchin-gun,991,1051,1998-01-06,
Korea,HANUL-4,PWR,Operational,Ulchin-gun,994,1052,1998-12-28,
Korea,HANUL-5,PWR,Operational,Ulchin-gun,989,1049,2003-12-18,
Korea,HANUL-6,PWR,Operational,Ulchin-gun,987,1049,2005-01-07,
Korea,KORI-1,PWR,Permanent Shutdown,Gijang-gun,576,607,1977-06-26,
Korea,KORI-2,PWR,Operational,Gijang-gun,640,681,1983-04-22,
Korea,KORI-3,PWR,Operational,Gijang-gun,996,1046,1985-01-22,
Korea,KORI-4,PWR,Operational,Gijang-gun,1001,1046,1985-12-31,
Korea,SAEUL-1,PWR,Operational,Ulsan,1392,1488,2016-01-15,
Korea,SAEUL-2,PWR,Operational,Ulsan,1392,1491,2019-04-22,
Korea,SAEUL-3,PWR,Under Construction,Ulsan,1340,1400,,
Korea,SAEUL-4,PWR,Under Construction,Ulsan,1340,1400,,
Korea,SHIN-HANUL-1,PWR,Operational,Ulchin-gun,1429,1455,2022-06-09,
Korea,SHIN-HANUL-2,PWR,Operational,Ulchin-gun,1416,1455,2023-12-21,
Korea,SHIN-KORI-1,PWR,Operational,Busan & Ulsan,986,1048,2010-08-04,
Korea,SHIN-KORI-2,PWR,Operational,Busan & Ulsan,982,1047,2012-01-28,
Korea,SHIN-WOLSONG-1,PWR,Operational,Gyeongju-si,980,1048,2012-01-27,
Korea,SHIN-WOLSONG-2,PWR,Operational,Gyeongju-si,976,1048,2015-02-26,
Korea,WOLSONG-1,PHWR,Permanent Shutdown,Gyeongju-si,661,683,1982-12-31,
Korea,WOLSONG-2,PHWR,Operational,Gyeongju-si,571,599,1997-04-01,
Korea,WOLSONG-3,PHWR,Operational,Gyeongju-si,595,624,1998-03-25,
Korea,WOLSONG-4,PHWR,Operational,Gyeongju-si,569,589,1999-05-21,
Mexico,LAGUNA VERDE-1,BWR,Operational,ALTO LUCERO,653,682,1990-04-13,
Mexico,LAGUNA VERDE-2,BWR,Operational,ALTO LUCERO,653,682,1994-09-11,
Netherlands,BORSSELE,PWR,Operational,BORSSELE,485,515,1973-07-04,
Netherlands,DODEWAARD,BWR,Permanent Shutdown,DODEWAARD,55,60,1968-07-18,
Pakistan,CHASNUPP-1,PWR,Operational,CHASHMA,300,325,2000-05-13,
Pakistan,CHASNUPP-2,PWR,Operational,CHASHMA,300,330,2011-03-14,
Pakistan,CHASNUPP-3,PWR,Operational,CHASHMA,300,340,2016-10-15,
Pakistan,CHASNUPP-4,PWR,Operational,CHASHMA,300,340,2017-06-25,
Pakistan,KANUPP,PHWR,Permanent Shutdown,KARACHI,125,137,1971-10-18,
Pakistan,KANUPP-2,PWR,Operational,KARACHI,1014,1100,2021-03-18,
Pakistan,KANUPP-3,PWR,Operational,KARACHI,1014,1100,2022-02-25,
Romania,CERNAVODA-1,PHWR,Operational,CERNAVODA,650,706,1996-07-11,
Romania,CERNAVODA-2,PHWR,Operational,CERNAVODA,650,706,2007-08-07,
Romania,CERNAVODA-3,PHWR,Under Construction,CERNAVODA,650,706,,
Romania,CERNAVODA-4,PHWR,Under Construction,CERNAVODA,650,706,,
Russian Federation,BALAKOVO-1,PWR,Operational,BALAKOVO,950,1000,1985-12-28,
Russian Federation,BALAKOVO-2,PWR,Operational,BALAKOVO,950,1000,1987-01-08,
Russian Federation,BALAKOVO-3,PWR,Operational,BALAKOVO,950,1000,1988-12-29,
Russian Federation,BALAKOVO-4,PWR,Operational,BALAKOVO,950,1000,1993-04-11,
Russian Federation,BELOYARSK-1,LGR,Permanent Shutdown,ZARECHNY,102,108,1963-10-26,
Russian Federation,BELOYARSK-2,LGR,Permanent Shutdown,ZARECHNY,146,160,1967-12-29,
Russian Federation,BELOYARSK-3,FBR,Operational,ZARECHNY,560,600,1980-04-08,
Russian Federation,BELOYARSK-4,FBR,Operational,ZARECHNY,820,885,2015-12-10,
Russian Federation,BILIBINO-1,LWGR,Operational,BILIBINO,11,12,1974-01-12,
Russian Federation,BILIBINO-2,LWGR,Operational,BILIBINO,11,12,1975-01-30,
Russian Federation,BILIBINO-3,LWGR,Operational,BILIBINO,11,12,1976-12-09,
Russian Federation,BILIBINO-4,LWGR,Operational,BILIBINO,11,12,1977-12-27,
Russian Federation,KALININ-1,PWR,Operational,ULYANOVO,950,1000,1984-05-09,
Russian Federation,KALININ-2,PWR,Operational,ULYANOVO,950,1000,1986-12-03,
Russian Federation,KALININ-3,PWR,Operational,ULYANOVO,950,1000,2004-12-16,
Russian Federation,KALININ-4,PWR,Operational,ULYANOVO,950,1000,2011-11-24,
Russian Federation,KOLA-1,PWR,Operational,POLIARNYE ZORI,411,440,1973-12-28,
Russian Federation,KOLA-2,PWR,Operational,POLIARNYE ZORI,411,440,1974-12-28,
Russian Federation,KOLA-3,PWR,Operational,POLIARNYE ZORI,411,440,1981-12-20,
Russian Federation,KOLA-4,PWR,Operational,POLIARNYE ZORI,411,440,1984-12-31,
Russian Federation,KURSK-1,LWGR,Permanent Shutdown,KURCHATOV,925,1000,1976-12-19,
Russian Federation,KURSK-2,LWGR,Permanent Shutdown,KURCHATOV,925,1000,1979-08-09,
Russian Federation,KURSK-3,LWGR,Permanent Shutdown,KURCHATOV,925,1000,1983-10-15,
Russian Federation,KURSK-4,LWGR,Permanent Shutdown,KURCHATOV,925,1000,1985-12-28,
Russian Federation,LENINGRAD-1,LWGR,Permanent Shutdown,SOSNOVY BOR,925,1000,1973-12-21,
Russian Federation,LENINGRAD-2,LWGR,Permanent Shutdown,SOSNOVY BOR,925,1000,1975-07-11,
Russian Federation,LENINGRAD-3,LWGR,Permanent Shutdown,SOSNOVY BOR,925,1000,1980-12-29,
Russian Federation,LENINGRAD-4,LWGR,Permanent Shutdown,SOSNOVY BOR,925,1000,1981-12-30,
Russian Federation,NOVORONEZH-1,PWR,Permanent Shutdown,NOVOVORONEZH,197,210,1964-09-24,
Russian Federation,NOVORONEZH-2,PWR,Permanent Shutdown,NOVOVORONEZH,336,365,1969-12-29,
Russian Federation,NOVORONEZH-3,PWR,Permanent Shutdown,NOVOVORONEZH,385,417,1971-12-27,
Russian Federation,NOVORONEZH-4,PWR,Permanent Shutdown,NOVOVORONEZH,417,440,1972-12-28,
Russian Federation,NOVORONEZH-5,PWR,Permanent Shutdown,NOVOVORONEZH,950,1000,1980-05-31,
Russian Federation,NOVORONEZH II-1,PWR,Operational,NOVOVORONEZH,1115,1194,2016-08-05,
Russian Federation,NOVORONEZH II-2,PWR,Operational,NOVOVORONEZH,1115,1194,2019-05-01,
Russian Federation,NOVORONEZH II-3,PWR,Under Construction,NOVOVORONEZH,1115,1194,,
Russian Federation,NOVORONEZH II-4,PWR,Under Construction,NOVOVORONEZH,1115,1194,,
Russian Federation,OBNINSK,LGR,Permanent Shutdown,OBNINSK,5,5,1954-06-27,
Russian Federation,PEVEK-1,PWR,Operational,PEVEK,35,38,2019-12-19,
Russian Federation,PEVEK-2,PWR,Operational,PEVEK,35,38,2020-03-31,
Russian Federation,ROSTOV-1,PWR,Operational,VOLGODONSK,950,1000,2001-03-30,
Russian Federation,ROSTOV-2,PWR,Operational,VOLGODONSK,950,1000,2010-12-25,
Russian Federation,ROSTOV-3,PWR,Operational,VOLGODONSK,950,1000,2014-12-27,
Russian Federation,ROSTOV-4,PWR,Operational,VOLGODONSK,950,1000,2018-02-01,
Russian Federation,SMOLENSK-1,LWGR,Operational,DESNOGORSK,925,1000,1982-12-09,
Russian Federation,SMOLENSK-2,LWGR,Operational,DESNOGORSK,925,1000,1985-05-31,
Russian Federation,SMOLENSK-3,LWGR,Operational,DESNOGORSK,925,1000,1990-12-30,
Russian Federation,TVER-1,PWR,Operational,ULYANOVO,1200,1255,2025-08-20,
Russian Federation,TVER-2,PWR,Under Construction,ULYANOVO,1200,1255,,
Russian Federation,TVER-3,PWR,Under Construction,ULYANOVO,1200,1255,,
Russian Federation,TVER-4,PWR,Under Construction,ULYANOVO,1200,1255,,
Russian Federation,VOLGODONSK-1,PWR,Operational,VOLGODONSK,1100,1150,2025-05-01,
Russian Federation,VOLGODONSK-2,PWR,Under Construction,VOLGODONSK,1100,1150,,
Russian Federation,VOLGODONSK-3,PWR,Under Construction,VOLGODONSK,1100,1150,,
Russian Federation,VOLGODONSK-4,PWR,Under Construction,VOLGODONSK,1100,1150,,
Slovakia,BOHUNICE A-1,HWGCR,Permanent Shutdown,TRNAVA,104,110,1972-12-25,
Slovakia,BOHUNICE V-1-1,PWR,Permanent Shutdown,TRNAVA,408,440,1978-12-17,
Slovakia,BOHUNICE V-1-2,PWR,Permanent Shutdown,TRNAVA,408,440,1980-03-26,
Slovakia,BOHUNICE V-2-1,PWR,Operational,TRNAVA,471,505,1984-08-20,
Slovakia,BOHUNICE V-2-2,PWR,Operational,TRNAVA,471,505,1985-12-18,
Slovakia,MOCHOVCE-1,PWR,Operational,LEVVICE,471,500,1998-06-07,
Slovakia,MOCHOVCE-2,PWR,Operational,LEVVICE,471,500,2000-12-20,
Slovakia,MOCHOVCE-3,PWR,Operational,LEVVICE,440,471,2023-01-31,
Slovakia,MOCHOVCE-4,PWR,Under Construction,LEVVICE,440,471,,
Slovenia,KRŠKO,PWR,Operational,KRŠKO,666,700,1981-09-11,
South Africa,KOEBERG-1,PWR,Operational,DUYNEFONTEIN,930,970,1984-12-13,
South Africa,KOEBERG-2,PWR,Operational,DUYNEFONTEIN,930,970,1985-07-25,
Spain,ALMARAZ-1,PWR,Operational,ALMARAZ,1008,1049,1981-09-01,
Spain,ALMARAZ-2,PWR,Operational,ALMARAZ,1008,1049,1983-09-08,
Spain,ASCO-1,PWR,Operational,ASCO,1007,1047,1983-05-23,
Spain,ASCO-2,PWR,Operational,ASCO,1007,1047,1985-03-08,
Spain,CENF-1,PWR,Permanent Shutdown,JOSE CABRERA,153,160,1968-07-14,
Spain,GAROÑA,BWR,Permanent Shutdown,SANTA MARIA DE GAROÑA,446,466,1971-03-02,
Spain,VANDELLOS-1,GCR,Permanent Shutdown,VANDELLOS,480,500,1972-05-06,
Spain,VANDELLOS-2,PWR,Operational,VANDELLOS,1045,1087,1987-12-12,
Spain,TRIGA MARK III,TRIGA,Operational,BARCELONA,1,3,1962-11-20,
Spain,VALDECAÑAS,PWR,Permanent Shutdown,ALMARAZ,1008,1049,1981-09-01,
Spain,VALDECAÑAS-1,PWR,Permanent Shutdown,ALMARAZ,1008,1049,1981-09-01,
Spain,VALDECAÑAS-2,PWR,Permanent Shutdown,ALMARAZ,1008,1049,1983-09-08,
Sweden,ASEA-ATOM,BWR,Permanent Shutdown,RINGHALS,900,945,1974-06-15,
Sweden,BARSEBAECK-1,BWR,Permanent Shutdown,BARSEBAECK,600,630,1975-05-15,
Sweden,BARSEBAECK-2,BWR,Permanent Shutdown,BARSEBAECK,600,630,1977-03-21,
Sweden,FORSMARK-1,BWR,Operational,FORSMARK,990,1020,1980-06-06,
Sweden,FORSMARK-2,BWR,Operational,FORSMARK,1121,1180,1980-12-15,
Sweden,FORSMARK-3,BWR,Operational,FORSMARK,1187,1229,1985-03-05,
Sweden,OSKARSHAMN-1,BWR,Permanent Shutdown,OSKARSHAMN,473,492,1972-08-01,
Sweden,OSKARSHAMN-2,BWR,Operational,OSKARSHAMN,661,714,1974-10-02,
Sweden,OSKARSHAMN-3,BWR,Operational,OSKARSHAMN,1400,1450,1985-03-04,
Sweden,RINGHALS-1,BWR,Permanent Shutdown,VARO,856,904,1974-12-17,
Sweden,RINGHALS-2,PWR,Permanent Shutdown,VARO,910,963,1975-10-14,
Sweden,RINGHALS-3,PWR,Operational,VARO,1062,1104,1980-09-09,
Sweden,RINGHALS-4,PWR,Operational,VARO,1080,1118,1982-05-27,
Switzerland,BEZNAU-1,PWR,Operational,DOETTINGEN,380,380,1969-09-06,
Switzerland,BEZNAU-2,PWR,Operational,DOETTINGEN,380,380,1971-10-23,
Switzerland,GÖSGEN,PWR,Operational,DÄNIKEN,985,1030,1979-02-01,
Switzerland,LEIBSTADT,BWR,Operational,LEIBSTADT,1176,1220,1984-05-24,
Switzerland,MÜHLEBERG,BWR,Permanent Shutdown,MÜHLEBERG,355,373,1972-07-01,
Taiwan,CHINSHAN-1,BWR,Permanent Shutdown,TAIPEI,604,636,1977-12-10,
Taiwan,CHINSHAN-2,BWR,Permanent Shutdown,TAIPEI,604,636,1978-12-19,
Taiwan,KUOSHENG-1,BWR,Permanent Shutdown,TAIPEI,985,1020,1981-05-20,
Taiwan,KUOSHENG-2,BWR,Permanent Shutdown,TAIPEI,985,1020,1983-03-16,
Taiwan,LUNGMEN-1,ABWR,Cancelled,TAIPEI,1300,1350,,
Taiwan,LUNGMEN-2,ABWR,Cancelled,TAIPEI,1300,1350,,
Taiwan,MAANSHAN-1,PWR,Operational,PINGTUNG,936,951,1984-05-09,
Taiwan,MAANSHAN-2,PWR,Operational,PINGTUNG,936,951,1985-02-06,
Ukraine,KHARKIV-1,PWR,Under Construction,KHARKIV,1200,1300,,
Ukraine,KHARKIV-2,PWR,Under Construction,KHARKIV,1200,1300,,
Ukraine,KHARKIV-3,PWR,Under Construction,KHARKIV,1200,1300,,
Ukraine,KHARKIV-4,PWR,Under Construction,KHARKIV,1200,1300,,
Ukraine,KHARKIV-5,PWR,Under Construction,KHARKIV,1200,1300,,
Ukraine,KHARKIV-6,PWR,Under Construction,KHARKIV,1200,1300,,
Ukraine,KHARKIV-7,PWR,Under Construction,KHARKIV,1200,1300,,
Ukraine,KHARKIV-8,PWR,Under Construction,KHARKIV,1200,1300,,
Ukraine,KHMELNITSKI-1,PWR,Operational,NETESHIN,1000,1000,1987-12-31,
Ukraine,KHMELNITSKI-2,PWR,Operational,NETESHIN,1000,1000,2004-12-15,
Ukraine,KHMELNITSKI-3,PWR,Under Construction,NETESHIN,1000,1000,,
Ukraine,KHMELNITSKI-4,PWR,Under Construction,NETESHIN,1000,1000,,
Ukraine,RIVNE-1,PWR,Operational,KUZNETSOVSK,420,440,1980-12-31,
Ukraine,RIVNE-2,PWR,Operational,KUZNETSOVSK,420,440,1981-12-30,
Ukraine,RIVNE-3,PWR,Operational,KUZNETSOVSK,1000,1000,1986-12-31,
Ukraine,RIVNE-4,PWR,Operational,KUZNETSOVSK,1000,1000,2004-04-10,
Ukraine,SOUTH UKRAINE-1,PWR,Operational,YUZHNO UKRAINSK,1000,1000,1982-12-31,
Ukraine,SOUTH UKRAINE-2,PWR,Operational,YUZHNO UKRAINSK,1000,1000,1985-12-31,
Ukraine,SOUTH UKRAINE-3,PWR,Operational,YUZHNO UKRAINSK,1000,1000,1989-09-20,
Ukraine,SOUTH UKRAINE-4,PWR,Under Construction,YUZHNO UKRAINSK,1000,1000,,
Ukraine,ZAPORIZHIA-1,PWR,Operational,ENERHODAR,950,1000,1984-12-10,
Ukraine,ZAPORIZHIA-2,PWR,Operational,ENERHODAR,950,1000,1985-07-26,
Ukraine,ZAPORIZHIA-3,PWR,Operational,ENERHODAR,950,1000,1986-12-10,
Ukraine,ZAPORIZHIA-4,PWR,Operational,ENERHODAR,950,1000,1987-12-18,
Ukraine,ZAPORIZHIA-5,PWR,Operational,ENERHODAR,950,1000,1989-08-14,
Ukraine,ZAPORIZHIA-6,PWR,Operational,ENERHODAR,950,1000,1995-10-19,
United Arab Emirates,BARAKAH-1,PWR,Operational,BARAKAH,1345,1400,2020-08-19,
United Arab Emirates,BARAKAH-2,PWR,Operational,BARAKAH,1345,1400,2021-09-17,
United Arab Emirates,BARAKAH-3,PWR,Operational,BARAKAH,1345,1400,2022-10-15,
United Arab Emirates,BARAKAH-4,PWR,Operational,BARAKAH,1345,1400,2023-11-20,
United Kingdom,DOUNREAY PFR,FBR,Permanent Shutdown,DOUNREAY,234,250,1974-03-01,
United Kingdom,DOUNREAY DFR,FBR,Permanent Shutdown,DOUNREAY,11,15,1959-11-14,
United Kingdom,SIZEWELL C-1,PWR,Under Construction,SIZEWELL,1630,1670,,
United Kingdom,SIZEWELL C-2,PWR,Under Construction,SIZEWELL,1630,1670,,
United Kingdom,HINKLEY POINT C-1,PWR,Under Construction,HINKLEY POINT,1630,1670,,
United Kingdom,HINKLEY POINT C-2,PWR,Under Construction,HINKLEY POINT,1630,1670,,
United Kingdom,CALDER HALL-1,GCR,Permanent Shutdown,SELLAFIELD,49,60,1956-08-27,
United Kingdom,CALDER HALL-2,GCR,Permanent Shutdown,SELLAFIELD,49,60,1956-08-27,
United Kingdom,CALDER HALL-3,GCR,Permanent Shutdown,SELLAFIELD,49,60,1958-03-01,
United Kingdom,CALDER HALL-4,GCR,Permanent Shutdown,SELLAFIELD,49,60,1958-03-01,
United Kingdom,CHAPELCROSS-1,GCR,Permanent Shutdown,ANNAN,49,60,1959-02-01,
United Kingdom,CHAPELCROSS-2,GCR,Permanent Shutdown,ANNAN,49,60,1959-02-01,
United Kingdom,CHAPELCROSS-3,GCR,Permanent Shutdown,ANNAN,49,60,1959-03-01,
United Kingdom,CHAPELCROSS-4,GCR,Permanent Shutdown,ANNAN,49,60,1959-03-01,
United Kingdom,BERKELEY-1,GCR,Permanent Shutdown,GLOUCESTERSHIRE,138,166,1962-06-12,
United Kingdom,BERKELEY-2,GCR,Permanent Shutdown,GLOUCESTERSHIRE,138,166,1962-07-24,
United Kingdom,BRADWELL-1,GCR,Permanent Shutdown,ESSEX,123,150,1962-09-01,
United Kingdom,BRADWELL-2,GCR,Permanent Shutdown,ESSEX,123,150,1962-11-01,
United Kingdom,HUNTERSTON A-1,GCR,Permanent Shutdown,AYRSHIRE,150,180,1964-02-05,
United Kingdom,HUNTERSTON A-2,GCR,Permanent Shutdown,AYRSHIRE,150,180,1964-06-01,
United Kingdom,HINKLEY POINT A-1,GCR,Permanent Shutdown,SOMERSET,235,268,1965-02-16,
United Kingdom,HINKLEY POINT A-2,GCR,Permanent Shutdown,SOMERSET,235,268,1965-03-01,
United Kingdom,TRAWSFYNYDD-1,GCR,Permanent Shutdown,TRAWSFYNYDD,235,270,1965-01-14,
United Kingdom,TRAWSFYNYDD-2,GCR,Permanent Shutdown,TRAWSFYNYDD,235,270,1965-02-01,
United Kingdom,DUNGENESS A-1,GCR,Permanent Shutdown,DUNGENESS,225,249,1965-09-28,
United Kingdom,DUNGENESS A-2,GCR,Permanent Shutdown,DUNGENESS,225,249,1965-12-29,
United Kingdom,OLDBURY-1,GCR,Permanent Shutdown,OLDBURY,217,230,1967-11-09,
United Kingdom,OLDBURY-2,GCR,Permanent Shutdown,OLDBURY,217,230,1968-04-06,
United Kingdom,WYLFA-1,GCR,Permanent Shutdown,WYLFA,490,540,1971-01-18,
United Kingdom,WYLFA-2,GCR,Permanent Shutdown,WYLFA,490,540,1971-06-01,
United Kingdom,DUNGENESS B-1,AGR,Permanent Shutdown,DUNGENESS,520,600,1983-04-03,
United Kingdom,DUNGENESS B-2,AGR,Permanent Shutdown,DUNGENESS,520,600,1985-12-29,
United Kingdom,HINKLEY POINT B-1,AGR,Permanent Shutdown,HINKLEY POINT,520,600,1976-02-05,
United Kingdom,HINKLEY POINT B-2,AGR,Permanent Shutdown,HINKLEY POINT,520,600,1976-03-29,
United Kingdom,HUNTERSTON B-1,AGR,Permanent Shutdown,AYRSHIRE,520,600,1976-02-06,
United Kingdom,HUNTERSTON B-2,AGR,Permanent Shutdown,AYRSHIRE,520,600,1977-03-31,
United Kingdom,HARTLEPOOL A-1,AGR,Permanent Shutdown,HARTLEPOOL,595,660,1983-08-01,
United Kingdom,HARTLEPOOL A-2,AGR,Permanent Shutdown,HARTLEPOOL,595,660,1984-03-31,
United Kingdom,HEYSHAM A-1,AGR,Permanent Shutdown,HEYSHAM,585,625,1983-07-01,
United Kingdom,HEYSHAM A-2,AGR,Permanent Shutdown,HEYSHAM,585,625,1984-04-30,
United Kingdom,HEYSHAM B-1,AGR,Operational,HEYSHAM,620,680,1988-06-25,
United Kingdom,HEYSHAM B-2,AGR,Operational,HEYSHAM,620,680,1989-04-03,
United Kingdom,TORNESS-1,AGR,Operational,TORNESS,615,675,1988-05-30,
United Kingdom,TORNESS-2,AGR,Operational,TORNESS,615,675,1989-02-03,
United States,ARIZONA,PWR,Operational,WINTERSBURG,1447,1503,1986-02-13,
United States,ARIZONA-2,PWR,Operational,WINTERSBURG,1448,1508,1987-04-10,
United States,ARIZONA-3,PWR,Operational,WINTERSBURG,1447,1503,1987-11-18,
United States,ARKANSAS-1,PWR,Operational,RUSSELLVILLE,836,860,1974-04-24,
United States,ARKANSAS-2,PWR,Operational,RUSSELLVILLE,999,1030,1978-12-22,
United States,BAR-1,BWR,Operational,BEAUFORT,1268,1336,1987-03-31,
United States,BAR-2,BWR,Operational,BEAUFORT,1268,1336,1989-03-29,
United States,BRAIDWOOD-1,PWR,Operational,BRAIDWOOD,1250,1289,1987-05-18,
United States,BRAIDWOOD-2,PWR,Operational,BRAIDWOOD,1250,1289,1987-12-11,
United States,BROWNS FERRY-1,BWR,Operational,ATHENS,1118,1150,1973-09-17,
United States,BROWNS FERRY-2,BWR,Operational,ATHENS,1118,1150,1974-08-02,
United States,BROWNS FERRY-3,BWR,Operational,ATHENS,1118,1150,1976-08-18,
United States,BRUNSWICK-1,BWR,Operational,SOUTHPORT,938,973,1976-11-25,
United States,BRUNSWICK-2,BWR,Operational,SOUTHPORT,938,973,1975-10-10,
United States,BYRON-1,PWR,Operational,BYRON,1232,1287,1985-02-23,
United States,BYRON-2,PWR,Operational,BYRON,1232,1287,1987-01-30,
United States,CALLAWAY-1,PWR,Operational,FULTON,1190,1205,1984-10-25,
United States,CATAWBA-1,PWR,Operational,CLOVER,1145,1193,1985-01-17,
United States,CATAWBA-2,PWR,Operational,CLOVER,1145,1193,1986-05-18,
United States,COOPER,BWR,Operational,BROWNVILLE,764,778,1974-07-02,
United States,DAVIS BESSE-1,PWR,Operational,OAK HARBOR,925,958,1977-07-31,
United States,DIABLO CANYON-1,PWR,Operational,SAN LUIS OBISPO,1122,1180,1984-11-16,
United States,DIABLO CANYON-2,PWR,Operational,SAN LUIS OBISPO,1122,1180,1985-12-09,
United States,DRESDEN-2,BWR,Operational,MORRIS,848,867,1970-04-13,
United States,DRESDEN-3,BWR,Operational,MORRIS,848,867,1971-08-16,
United States,FARLEY-1,PWR,Operational,DOTHAN,860,900,1977-08-16,
United States,FARLEY-2,PWR,Operational,DOTHAN,860,900,1981-05-15,
United States,FERMI-2,BWR,Operational,NEWPORT,1122,1180,1985-06-21,
United States,FITZPATRICK,BWR,Operational,OSWEGO,883,913,1974-12-17,
United States,GINNA,PWR,Operational,ONTARIO,581,600,1970-09-11,
United States,GRAND GULF-1,BWR,Operational,PORT GIBSON,1282,1360,1984-06-30,
United States,HARRIS-1,PWR,Operational,NEW HILL,960,996,1986-01-24,
United States,HATCH-1,BWR,Operational,BAXLEY,927,960,1975-09-07,
United States,HATCH-2,BWR,Operational,BAXLEY,929,956,1978-08-14,
United States,HOPE CREEK-1,BWR,Operational,HANCOCK'S BRIDGE,1219,1290,1986-02-19,
United States,INDIAN POINT-3,PWR,Permanent Shutdown,VERPLANCK,1033,1072,1976-08-14,
United States,KEWAUNEE,PWR,Permanent Shutdown,KEWAUNEE,566,585,1974-02-19,
United States,LASALLE-1,BWR,Operational,SENECA,1123,1176,1982-10-18,
United States,LASALLE-2,BWR,Operational,SENECA,1124,1176,1984-03-24,
United States,LIMERICK-1,BWR,Operational,POTTSTOWN,1123,1175,1985-08-19,
United States,LIMERICK-2,BWR,Operational,POTTSTOWN,1123,1175,1989-08-27,
United States,MCGUIRE-1,PWR,Operational,CORNELIUS,1166,1223,1978-12-28,
United States,MCGUIRE-2,PWR,Operational,CORNELIUS,1170,1223,1984-03-01,
United States,MILLSTONE-2,PWR,Operational,WATERFORD,884,904,1975-11-26,
United States,MILLSTONE-3,PWR,Operational,WATERFORD,1230,1273,1986-02-15,
United States,MONTICELLO,BWR,Operational,MONTICELLO,629,660,1970-12-10,
United States,NINE MILE POINT-1,BWR,Operational,OSWEGO,630,643,1969-11-09,
United States,NINE MILE POINT-2,BWR,Operational,OSWEGO,1175,1218,1987-05-08,
United States,NORTH ANNA-1,PWR,Operational,MINERAL,970,1020,1978-04-17,
United States,NORTH ANNA-2,PWR,Operational,MINERAL,970,1020,1980-07-02,
United States,OCONEE-1,PWR,Operational,SENECA,846,900,1973-05-06,
United States,OCONEE-2,PWR,Operational,SENECA,846,900,1974-09-08,
United States,OCONEE-3,PWR,Operational,SENECA,846,900,1974-12-16,
United States,OYSTER CREEK-1,BWR,Permanent Shutdown,FORKED RIVER,636,650,1969-09-23,
United States,PEACH BOTTOM-2,BWR,Operational,DELTA,1130,1168,1974-02-16,
United States,PEACH BOTTOM-3,BWR,Operational,DELTA,1130,1168,1974-09-02,
United States,PILGRIM-1,BWR,Permanent Shutdown,PLYMOUTH,688,715,1972-07-01,
United States,POINT BEACH-1,PWR,Operational,TWO CREEKS,591,605,1970-11-03,
United States,POINT BEACH-2,PWR,Operational,TWO CREEKS,591,605,1971-05-04,
United States,PRAIRIE ISLAND-1,PWR,Operational,RED WING,522,550,1973-12-16,
United States,PRAIRIE ISLAND-2,PWR,Operational,RED WING,522,550,1974-12-21,
United States,QUAD CITIES-1,BWR,Operational,CORDOVA,840,867,1972-02-18,
United States,QUAD CITIES-2,BWR,Operational,CORDOVA,840,867,1972-05-23,
United States,RANCHO SECO,PWR,Permanent Shutdown,SACRAMENTO,873,913,1975-09-17,
United States,RIVER BEND-1,BWR,Operational,ST. FRANCISVILLE,936,973,1985-11-02,
United States,ROBINSON-2,PWR,Operational,HARTSVILLE,733,769,1970-09-12,
United States,SALEM-1,PWR,Operational,HANCOCK'S BRIDGE,1165,1221,1976-12-11,
United States,SALEM-2,PWR,Operational,HANCOCK'S BRIDGE,1165,1221,1980-12-25,
United States,SAN ONOFRE-2,PWR,Permanent Shutdown,SAN CLEMENTE,1070,1127,1982-09-22,
United States,SAN ONOFRE-3,PWR,Permanent Shutdown,SAN CLEMENTE,1080,1127,1983-11-25,
United States,SEABROOK-1,PWR,Operational,SEABROOK,1235,1300,1990-05-18,
United States,SOUTH TEXAS-1,PWR,Operational,PALACIOS,1285,1350,1988-03-31,
United States,SOUTH TEXAS-2,PWR,Operational,PALACIOS,1285,1350,1989-12-19,
United States,ST. LUCIE-1,PWR,Operational,FT. PIERCE,984,1030,1976-12-28,
United States,ST. LUCIE-2,PWR,Operational,FT. PIERCE,984,1030,1983-06-13,
United States,SUMMER-1,PWR,Operational,JENKINSVILLE,966,1000,1982-12-15,
United States,THREE MILE ISLAND-1,PWR,Permanent Shutdown,MIDDLETOWN,800,819,1974-06-20,
United States,THREE MILE ISLAND-2,PWR,Permanent Shutdown,MIDDLETOWN,906,950,1978-12-30,
United States,TURKEY POINT-3,PWR,Operational,HOMESTEAD,802,836,1972-04-14,
United States,TURKEY POINT-4,PWR,Operational,HOMESTEAD,802,836,1972-10-27,
United States,VOGTLE-1,PWR,Operational,WAYNESBORO,1150,1217,1987-03-27,
United States,VOGTLE-2,PWR,Operational,WAYNESBORO,1150,1217,1989-02-12,
United States,VOGTLE-3,PWR,Operational,WAYNESBORO,1117,1250,2023-03-01,
United States,VOGTLE-4,PWR,Operational,WAYNESBORO,1117,1250,2024-03-01,
United States,WATERFORD-3,PWR,Operational,KILLONA,1170,1218,1984-03-14,
United States,WATTS BAR-1,PWR,Operational,SPRING CITY,1102,1121,1996-02-07,
United States,WATTS BAR-2,PWR,Operational,SPRING CITY,1102,1121,2015-06-03,
United States,WBN-1,PWR,Operational,SPRING CITY,1102,1121,1996-02-07,
United States,WBN-2,PWR,Operational,SPRING CITY,1102,1121,2015-06-03,
United States,WOLF CREEK,PWR,Operational,BURLINGTON,1170,1200,1985-05-23,
```,,,,,,,,